year,country,gdp_per_capita,healthy_life_expectancy,freedom,generosity,corruption,happiness_score
2015,Switzerland,1.39651,0.94143,0.66557,0.29678,0.41978,7.587
2015,Iceland,1.30232,0.94784,0.62877,0.4363,0.14145,7.561
2015,Denmark,1.32548,0.87464,0.64938,0.34139,0.48357,7.527
2015,Norway,1.459,0.88521,0.66973,0.34699,0.36503,7.522
2015,Canada,1.32629,0.90563,0.63297,0.45811,0.32957,7.427
2015,Finland,1.29025,0.88911,0.64169,0.23351,0.41372,7.406
2015,Netherlands,1.32944,0.89284,0.61576,0.4761,0.31814,7.378
2015,Sweden,1.33171,0.91087,0.6598,0.36262,0.43844,7.364
2015,New Zealand,1.25018,0.90837,0.63938,0.47501,0.42922,7.286
2015,Australia,1.33358,0.93156,0.65124,0.43562,0.35637,7.284
2015,Israel,1.22857,0.91387,0.41319,0.33172,0.07785,7.278
2015,Costa Rica,0.95578,0.86027,0.63376,0.25497,0.10583,7.226
2015,Austria,1.33723,0.89042,0.62433,0.33088,0.18676,7.2
2015,Mexico,1.02054,0.81444,0.48181,0.14074,0.21312,7.187
2015,United States,1.39451,0.86179,0.54604,0.40105,0.1589,7.119
2015,Brazil,0.98124,0.69702,0.49049,0.14574,0.17521,6.983
2015,Luxembourg,1.56391,0.91894,0.61583,0.28034,0.37798,6.946
2015,Ireland,1.33596,0.89533,0.61777,0.45901,0.28703,6.94
2015,Belgium,1.30782,0.89667,0.5845,0.2225,0.2254,6.937
2015,United Arab Emirates,1.42727,0.80925,0.64157,0.26428,0.38583,6.901
2015,United Kingdom,1.26637,0.90943,0.59625,0.51912,0.32067,6.867
2015,Oman,1.36011,0.76276,0.63274,0.21542,0.32524,6.853
2015,Venezuela,1.04424,0.72052,0.42908,0.05841,0.11069,6.81
2015,Singapore,1.52186,1.02525,0.54252,0.31105,0.4921,6.798
2015,Panama,1.06353,0.79661,0.5421,0.24434,0.0927,6.786
2015,Germany,1.32792,0.89186,0.61477,0.28214,0.21843,6.75
2015,Chile,1.10715,0.85857,0.44132,0.33363,0.12869,6.67
2015,Qatar,1.69042,0.79733,0.6404,0.32573,0.52208,6.611
2015,France,1.27778,0.94579,0.55011,0.12332,0.20646,6.575
2015,Argentina,1.05351,0.78723,0.44974,0.11451,0.08484,6.574
2015,Czech Republic,1.17898,0.84483,0.46364,0.10686,0.02652,6.505
2015,Uruguay,1.06166,0.8116,0.60362,0.2324,0.24558,6.485
2015,Colombia,0.91861,0.69077,0.53466,0.18401,0.0512,6.477
2015,Thailand,0.9669,0.7385,0.55664,0.5763,0.03187,6.455
2015,Saudi Arabia,1.39541,0.72025,0.31048,0.13706,0.32524,6.411
2015,Spain,1.23011,0.95562,0.45951,0.18227,0.06398,6.329
2015,Malta,1.2074,0.88721,0.60365,0.51752,0.13586,6.302
2015,Taiwan,1.29098,0.8753,0.3974,0.25376,0.08129,6.298
2015,Kuwait,1.55422,0.72492,0.55499,0.16228,0.25609,6.295
2015,Suriname,0.99534,0.6082,0.59657,0.16991,0.13633,6.269
2015,Trinidad and Tobago,1.21183,0.61483,0.55884,0.31844,0.0114,6.168
2015,El Salvador,0.76454,0.67737,0.4035,0.10692,0.11776,6.13
2015,Guatemala,0.74553,0.64425,0.57733,0.27489,0.09472,6.123
2015,Uzbekistan,0.63244,0.59772,0.65821,0.22837,0.30826,6.003
2015,Slovakia,1.16891,0.78902,0.31751,0.16893,0.03431,5.995
2015,Japan,1.27074,0.99111,0.49615,0.10705,0.1806,5.987
2015,South Korea,1.24461,0.96538,0.33208,0.18557,0.07857,5.984
2015,Ecuador,0.86402,0.79075,0.48574,0.11541,0.1809,5.975
2015,Bahrain,1.32376,0.74716,0.45492,0.17362,0.306,5.96
2015,Italy,1.25114,0.95446,0.26236,0.22823,0.02901,5.948
2015,Bolivia,0.68133,0.5392,0.57414,0.20536,0.088,5.89
2015,Moldova,0.59448,0.61826,0.32818,0.20951,0.01615,5.889
2015,Paraguay,0.75985,0.66098,0.53899,0.3424,0.08242,5.878
2015,Kazakhstan,1.12254,0.64368,0.51649,0.11827,0.08454,5.855
2015,Slovenia,1.18498,0.87337,0.60855,0.25328,0.03787,5.848
2015,Lithuania,1.14723,0.73128,0.21342,0.02641,0.01031,5.833
2015,Nicaragua,0.59325,0.74314,0.55475,0.27815,0.19317,5.828
2015,Peru,0.90019,0.73017,0.41496,0.14982,0.05989,5.824
2015,Belarus,1.03192,0.73608,0.37938,0.11046,0.1909,5.813
2015,Poland,1.12555,0.77903,0.53122,0.16759,0.04212,5.791
2015,Malaysia,1.12486,0.72394,0.53024,0.33075,0.10501,5.77
2015,Croatia,1.08254,0.78805,0.25883,0.05444,0.0243,5.759
2015,Libya,1.13145,0.7038,0.41668,0.18295,0.11023,5.754
2015,Russia,1.13764,0.66926,0.36679,0.00199,0.03005,5.716
2015,Jamaica,0.81038,0.68741,0.50442,0.2123,0.02299,5.709
2015,North Cyprus,1.20806,0.92356,0.49027,0.26169,0.1428,5.695
2015,Cyprus,1.20813,0.92356,0.40672,0.30638,0.06146,5.689
2015,Algeria,0.93929,0.61766,0.28579,0.07822,0.17383,5.605
2015,Kosovo,0.80148,0.63132,0.24749,0.2831,0.04741,5.589
2015,Turkmenistan,0.95847,0.53886,0.4761,0.16979,0.30844,5.548
2015,Mauritius,1.00761,0.7095,0.56066,0.37744,0.07521,5.477
2015,Hong Kong,1.38604,1.01328,0.59608,0.39478,0.37124,5.474
2015,Estonia,1.15174,0.77361,0.44888,0.0868,0.15184,5.429
2015,Indonesia,0.82827,0.63793,0.46611,0.51535,0.0,5.399
2015,Vietnam,0.63216,0.74676,0.59444,0.1686,0.10441,5.36
2015,Turkey,1.06098,0.73172,0.22815,0.12253,0.15746,5.332
2015,Kyrgyzstan,0.47428,0.65088,0.43477,0.3003,0.04232,5.286
2015,Nigeria,0.65435,0.16007,0.34334,0.27233,0.0403,5.268
2015,Bhutan,0.77042,0.57407,0.53206,0.47998,0.15445,5.253
2015,Azerbaijan,1.02389,0.64045,0.3703,0.07799,0.16065,5.212
2015,Pakistan,0.59543,0.51466,0.12102,0.33671,0.10464,5.194
2015,Jordan,0.90198,0.69639,0.40661,0.11053,0.14293,5.192
2015,Montenegro,0.97438,0.72521,0.1826,0.1614,0.14296,5.192
2015,China,0.89012,0.81658,0.51697,0.08185,0.02781,5.14
2015,Zambia,0.47038,0.29924,0.48827,0.19591,0.12468,5.129
2015,Romania,1.04345,0.7689,0.35068,0.13748,0.00649,5.124
2015,Serbia,0.92053,0.74836,0.20107,0.19231,0.02617,5.123
2015,Portugal,1.15991,0.87519,0.51469,0.13719,0.01078,5.102
2015,Latvia,1.11312,0.72437,0.29671,0.18226,0.06332,5.098
2015,Philippines,0.70532,0.58114,0.62545,0.24991,0.12279,5.073
2015,Somaliland region,0.18847,0.43873,0.46582,0.50318,0.39928,5.057
2015,Morocco,0.73479,0.60954,0.41691,0.07172,0.08546,5.013
2015,Macedonia,0.91851,0.73545,0.33457,0.22359,0.05327,5.007
2015,Mozambique,0.08308,0.09131,0.34037,0.22269,0.15603,4.971
2015,Albania,0.87867,0.81325,0.35733,0.14272,0.06413,4.959
2015,Bosnia and Herzegovina,0.83223,0.79081,0.09245,0.24808,0.00227,4.949
2015,Lesotho,0.37545,0.07612,0.31767,0.16388,0.12504,4.898
2015,Dominican Republic,0.89537,0.66825,0.57672,0.21684,0.14234,4.885
2015,Laos,0.59066,0.54909,0.59591,0.42192,0.24249,4.876
2015,Mongolia,0.82819,0.60268,0.43626,0.3323,0.02666,4.874
2015,Swaziland,0.71206,0.07566,0.30658,0.18259,0.0306,4.867
2015,Greece,1.15406,0.88213,0.07699,0.0,0.01397,4.857
2015,Lebanon,1.02564,0.83947,0.33916,0.21854,0.04582,4.839
2015,Hungary,1.12094,0.75905,0.32112,0.128,0.02758,4.8
2015,Honduras,0.59532,0.6951,0.40148,0.23027,0.06825,4.788
2015,Tajikistan,0.39047,0.57379,0.47216,0.22974,0.15072,4.786
2015,Tunisia,0.88113,0.73793,0.26268,0.06431,0.06358,4.739
2015,Palestinian Territories,0.59867,0.66015,0.24499,0.11251,0.12905,4.715
2015,Bangladesh,0.39753,0.60164,0.4082,0.21222,0.12569,4.694
2015,Iran,1.0088,0.69805,0.30033,0.38086,0.05863,4.686
2015,Ukraine,0.79907,0.6739,0.25123,0.15275,0.02961,4.681
2015,Iraq,0.98549,0.60237,0.0,0.17922,0.13788,4.677
2015,South Africa,0.92049,0.27688,0.33207,0.11973,0.08884,4.642
2015,Ghana,0.54558,0.40132,0.42342,0.23087,0.04355,4.633
2015,Zimbabwe,0.271,0.33475,0.25861,0.18987,0.08079,4.61
2015,Liberia,0.0712,0.34201,0.28531,0.24362,0.06232,4.571
2015,India,0.64499,0.51529,0.39786,0.26475,0.08492,4.565
2015,Sudan,0.52107,0.36878,0.10081,0.19062,0.1466,4.55
2015,Haiti,0.26673,0.38847,0.24425,0.46187,0.17175,4.518
2015,Congo (Kinshasa),0.0,0.09806,0.22605,0.24834,0.07625,4.517
2015,Nepal,0.35997,0.56874,0.38282,0.32296,0.05907,4.514
2015,Ethiopia,0.19073,0.44055,0.4345,0.24325,0.15048,4.512
2015,Sierra Leone,0.33024,0.0,0.4084,0.21488,0.08786,4.507
2015,Mauritania,0.45407,0.35874,0.24232,0.219,0.17461,4.436
2015,Kenya,0.36471,0.41435,0.42215,0.37542,0.05839,4.419
2015,Djibouti,0.44025,0.36291,0.46074,0.18093,0.28105,4.369
2015,Armenia,0.76821,0.7299,0.19847,0.07855,0.039,4.35
2015,Botswana,0.99355,0.04776,0.49495,0.10461,0.12474,4.332
2015,Myanmar,0.27108,0.48246,0.44017,0.79588,0.19034,4.307
2015,Georgia,0.7419,0.72926,0.40577,0.05547,0.38331,4.297
2015,Malawi,0.01604,0.22562,0.43054,0.33128,0.06977,4.292
2015,Sri Lanka,0.83524,0.70806,0.53726,0.40828,0.09179,4.271
2015,Cameroon,0.4225,0.23402,0.49309,0.20618,0.05786,4.252
2015,Bulgaria,1.01216,0.76649,0.30587,0.11921,0.00872,4.218
2015,Egypt,0.8818,0.61712,0.17288,0.11291,0.06324,4.194
2015,Yemen,0.54649,0.40064,0.35571,0.09131,0.07854,4.077
2015,Angola,0.75778,0.16683,0.10384,0.12344,0.07122,4.033
2015,Mali,0.26074,0.20583,0.38857,0.18798,0.12352,3.995
2015,Congo (Brazzaville),0.67866,0.31051,0.41466,0.12388,0.11686,3.989
2015,Comoros,0.23906,0.36315,0.22917,0.17441,0.199,3.956
2015,Uganda,0.21102,0.33861,0.45727,0.29066,0.07267,3.931
2015,Senegal,0.36498,0.4354,0.36772,0.20843,0.10713,3.904
2015,Gabon,1.06024,0.43372,0.31914,0.06822,0.11091,3.896
2015,Niger,0.0694,0.29707,0.47692,0.19387,0.15639,3.845
2015,Cambodia,0.46038,0.61114,0.66246,0.40359,0.07247,3.819
2015,Tanzania,0.2852,0.38215,0.32878,0.34377,0.05747,3.781
2015,Madagascar,0.20824,0.46721,0.19184,0.21333,0.08124,3.681
2015,Central African Republic,0.0785,0.06699,0.48879,0.23835,0.08289,3.678
2015,Chad,0.34193,0.1501,0.23501,0.18386,0.05269,3.667
2015,Guinea,0.17417,0.24009,0.37725,0.28657,0.12139,3.656
2015,Ivory Coast,0.46534,0.15185,0.46866,0.20165,0.17922,3.655
2015,Burkina Faso,0.25812,0.27125,0.39493,0.21747,0.12832,3.587
2015,Afghanistan,0.31982,0.30335,0.23414,0.3651,0.09719,3.575
2015,Rwanda,0.22208,0.42864,0.59201,0.22628,0.55191,3.465
2015,Benin,0.28665,0.3191,0.4845,0.1826,0.0801,3.34
2015,Syria,0.6632,0.72193,0.15684,0.47179,0.18906,3.006
2015,Burundi,0.0153,0.22396,0.1185,0.19727,0.10062,2.905
2015,Togo,0.20868,0.28443,0.36453,0.16681,0.10731,2.839
2016,Denmark,1.44178,0.79504,0.57941,0.36171,0.44453,7.526
2016,Switzerland,1.52733,0.86303,0.58557,0.28083,0.41203,7.509
2016,Iceland,1.42666,0.86733,0.56624,0.47678,0.14975,7.501
2016,Norway,1.57744,0.79579,0.59609,0.37895,0.35776,7.498
2016,Finland,1.40598,0.81091,0.57104,0.25492,0.41004,7.413
2016,Canada,1.44015,0.8276,0.5737,0.44834,0.31329,7.404
2016,Netherlands,1.46468,0.81231,0.55211,0.47416,0.29927,7.339
2016,New Zealand,1.36066,0.83096,0.58147,0.49401,0.41904,7.334
2016,Australia,1.44443,0.8512,0.56837,0.47407,0.32331,7.313
2016,Sweden,1.45181,0.83121,0.58218,0.38254,0.40867,7.291
2016,Israel,1.33766,0.84917,0.36432,0.32288,0.08728,7.267
2016,Austria,1.45038,0.80565,0.54355,0.32865,0.21348,7.119
2016,United States,1.50796,0.779,0.48163,0.41077,0.14868,7.104
2016,Costa Rica,1.06879,0.76146,0.55225,0.22553,0.10547,7.087
2016,Puerto Rico,1.35943,0.77758,0.46823,0.22202,0.12275,7.039
2016,Germany,1.44787,0.81487,0.53466,0.30452,0.28551,6.994
2016,Brazil,1.08754,0.61415,0.40425,0.15776,0.14166,6.952
2016,Belgium,1.42539,0.81959,0.51354,0.2424,0.26248,6.929
2016,Ireland,1.48341,0.81455,0.54008,0.44963,0.29754,6.907
2016,Luxembourg,1.69752,0.84542,0.5487,0.27571,0.35329,6.871
2016,Mexico,1.11508,0.71143,0.37709,0.11735,0.18355,6.778
2016,Singapore,1.64555,0.94719,0.4877,0.32706,0.46987,6.739
2016,United Kingdom,1.40283,0.80991,0.50036,0.50156,0.27399,6.725
2016,Chile,1.2167,0.81883,0.37789,0.31595,0.11451,6.705
2016,Panama,1.18306,0.70835,0.48927,0.2418,0.08423,6.701
2016,Argentina,1.15137,0.69711,0.42284,0.10989,0.07296,6.65
2016,Czech Republic,1.30915,0.76376,0.41418,0.09929,0.03986,6.596
2016,United Arab Emirates,1.57352,0.72993,0.56215,0.26591,0.35561,6.573
2016,Uruguay,1.18157,0.72183,0.54388,0.18056,0.21394,6.545
2016,Malta,1.30782,0.80315,0.54994,0.56237,0.17554,6.488
2016,Colombia,1.03032,0.59659,0.44735,0.15626,0.05399,6.481
2016,France,1.39488,0.83795,0.46562,0.1216,0.17808,6.478
2016,Thailand,1.0893,0.64915,0.49553,0.58696,0.02833,6.474
2016,Saudi Arabia,1.48953,0.59267,0.37904,0.15457,0.30008,6.379
2016,Taiwan,1.39729,0.79565,0.32377,0.25495,0.0663,6.379
2016,Qatar,1.82427,0.71723,0.56679,0.32388,0.48049,6.375
2016,Spain,1.34253,0.87896,0.37545,0.17665,0.06137,6.361
2016,Algeria,1.05266,0.61804,0.21006,0.07044,0.16157,6.355
2016,Guatemala,0.83454,0.54039,0.50379,0.28808,0.08701,6.324
2016,Suriname,1.09686,0.50933,0.52234,0.16665,0.12692,6.269
2016,Kuwait,1.61714,0.63569,0.43166,0.15965,0.23669,6.239
2016,Bahrain,1.44024,0.65696,0.47375,0.17147,0.25772,6.218
2016,Trinidad and Tobago,1.32572,0.52608,0.48453,0.31935,0.01241,6.168
2016,Venezuela,1.13367,0.61904,0.19847,0.0425,0.08304,6.084
2016,Slovakia,1.27973,0.70367,0.23391,0.13837,0.02947,6.078
2016,El Salvador,0.8737,0.596,0.37269,0.08877,0.10613,6.068
2016,Malaysia,1.25142,0.62366,0.39031,0.41474,0.09081,6.005
2016,Nicaragua,0.69384,0.65213,0.46582,0.29773,0.16292,5.992
2016,Uzbekistan,0.73591,0.50163,0.60848,0.34326,0.28333,5.987
2016,Italy,1.35495,0.85102,0.18827,0.16684,0.02556,5.977
2016,Ecuador,0.97306,0.68613,0.4027,0.10074,0.18037,5.976
2016,Belize,0.87616,0.45569,0.51231,0.23684,0.10771,5.956
2016,Japan,1.38007,0.91491,0.46761,0.10224,0.18985,5.921
2016,Kazakhstan,1.22943,0.57386,0.4052,0.15011,0.11132,5.919
2016,Moldova,0.69177,0.52309,0.25202,0.19997,0.01903,5.897
2016,Russia,1.23228,0.58991,0.32682,0.02736,0.03586,5.856
2016,Poland,1.24585,0.69058,0.4519,0.14443,0.055,5.835
2016,South Korea,1.35948,0.88645,0.25168,0.18824,0.07716,5.835
2016,Bolivia,0.79422,0.4697,0.50961,0.21698,0.07746,5.822
2016,Lithuania,1.2692,0.64674,0.18929,0.02025,0.0182,5.813
2016,Belarus,1.13062,0.63104,0.29091,0.13942,0.17457,5.802
2016,North Cyprus,1.31141,0.84142,0.43596,0.26322,0.16578,5.771
2016,Slovenia,1.29947,0.79151,0.53164,0.25738,0.03635,5.768
2016,Peru,0.99602,0.62994,0.37502,0.14527,0.05292,5.743
2016,Turkmenistan,1.08017,0.44006,0.37408,0.22567,0.28467,5.658
2016,Mauritius,1.14372,0.66189,0.46145,0.36951,0.05203,5.648
2016,Libya,1.06688,0.52304,0.40672,0.17087,0.10339,5.615
2016,Latvia,1.21788,0.63952,0.27996,0.17445,0.0889,5.56
2016,Cyprus,1.31857,0.8488,0.29507,0.27906,0.05228,5.546
2016,Paraguay,0.89373,0.58295,0.46235,0.25296,0.07396,5.538
2016,Romania,1.1697,0.67602,0.36712,0.12889,0.00679,5.528
2016,Estonia,1.27964,0.68098,0.41511,0.08423,0.18519,5.517
2016,Jamaica,0.89333,0.59469,0.43597,0.22245,0.04294,5.51
2016,Croatia,1.18649,0.70524,0.23907,0.18434,0.04002,5.488
2016,Hong Kong,1.5107,0.95277,0.48079,0.40097,0.31647,5.458
2016,Somalia,0.0,0.11466,0.56778,0.27225,0.3118,5.44
2016,Kosovo,0.90145,0.54,0.14396,0.27992,0.06547,5.401
2016,Turkey,1.16492,0.64718,0.23889,0.04707,0.12348,5.389
2016,Indonesia,0.95104,0.49374,0.39237,0.56521,0.00322,5.314
2016,Jordan,0.99673,0.60712,0.36023,0.14262,0.13297,5.303
2016,Azerbaijan,1.12373,0.54504,0.35327,0.0564,0.17914,5.291
2016,Philippines,0.81217,0.47036,0.54854,0.21674,0.11757,5.279
2016,China,1.0278,0.73561,0.44012,0.04959,0.02745,5.245
2016,Bhutan,0.8527,0.49759,0.46074,0.48546,0.1616,5.196
2016,Kyrgyzstan,0.56044,0.55449,0.40212,0.38432,0.04762,5.185
2016,Serbia,1.03437,0.6458,0.15718,0.20737,0.04339,5.177
2016,Bosnia and Herzegovina,0.93383,0.70766,0.09511,0.29889,0.0,5.163
2016,Montenegro,1.07838,0.63533,0.15111,0.17191,0.12721,5.161
2016,Dominican Republic,1.02787,0.57669,0.52259,0.21286,0.12372,5.155
2016,Morocco,0.84058,0.59471,0.25646,0.04053,0.08404,5.151
2016,Hungary,1.24142,0.67608,0.1977,0.099,0.04472,5.145
2016,Pakistan,0.68816,0.40306,0.14622,0.31185,0.1388,5.132
2016,Lebanon,1.12268,0.76171,0.26228,0.23693,0.03061,5.129
2016,Portugal,1.27607,0.79363,0.44727,0.11691,0.01521,5.123
2016,Macedonia,1.0193,0.64738,0.27668,0.23507,0.07047,5.121
2016,Vietnam,0.74037,0.66157,0.55954,0.25075,0.11556,5.061
2016,Somaliland Region,0.25558,0.33108,0.3913,0.51479,0.36794,5.057
2016,Tunisia,0.97724,0.59577,0.23553,0.03936,0.0817,5.045
2016,Greece,1.24886,0.80029,0.05822,0.0,0.04127,5.033
2016,Tajikistan,0.48835,0.53119,0.43408,0.25998,0.13509,4.996
2016,Mongolia,0.98853,0.55469,0.35972,0.34539,0.03285,4.907
2016,Laos,0.68042,0.38291,0.52168,0.43079,0.22423,4.876
2016,Nigeria,0.75216,0.05108,0.27854,0.23219,0.0305,4.875
2016,Honduras,0.69429,0.58383,0.26755,0.2044,0.06906,4.871
2016,Iran,1.11758,0.64232,0.22544,0.38538,0.0557,4.813
2016,Zambia,0.61202,0.23573,0.42662,0.17866,0.11479,4.795
2016,Nepal,0.44626,0.50073,0.37012,0.3816,0.07008,4.793
2016,Palestinian Territories,0.67024,0.56844,0.17744,0.11154,0.10613,4.754
2016,Albania,0.9553,0.73007,0.31866,0.1684,0.05301,4.655
2016,Bangladesh,0.54177,0.52989,0.39778,0.19132,0.12583,4.643
2016,Sierra Leone,0.36485,0.0,0.30685,0.23897,0.08196,4.635
2016,Iraq,1.07474,0.51076,0.24856,0.19589,0.13636,4.575
2016,Namibia,0.93287,0.34745,0.48614,0.07795,0.10398,4.574
2016,Cameroon,0.52497,0.12698,0.42736,0.2268,0.06126,4.513
2016,Ethiopia,0.29283,0.34578,0.36703,0.29522,0.1717,4.508
2016,South Africa,1.02416,0.18611,0.42483,0.13656,0.08415,4.459
2016,Sri Lanka,0.97318,0.62007,0.50817,0.46978,0.07964,4.415
2016,India,0.74036,0.45091,0.40285,0.25028,0.08722,4.404
2016,Myanmar,0.34112,0.3988,0.42692,0.81971,0.20243,4.395
2016,Egypt,0.95395,0.52116,0.18847,0.12706,0.10393,4.362
2016,Armenia,0.86086,0.64083,0.14037,0.07793,0.03616,4.36
2016,Kenya,0.52267,0.30147,0.40576,0.41328,0.06686,4.356
2016,Ukraine,0.87287,0.58628,0.12859,0.20363,0.01829,4.324
2016,Ghana,0.63107,0.29681,0.40973,0.21203,0.0326,4.276
2016,Congo (Kinshasa),0.05661,0.188,0.15602,0.25458,0.06075,4.272
2016,Georgia,0.83792,0.64035,0.32461,0.06786,0.3188,4.252
2016,Congo (Brazzaville),0.77109,0.28212,0.37938,0.12077,0.09753,4.236
2016,Senegal,0.44314,0.40457,0.31056,0.19103,0.11681,4.219
2016,Bulgaria,1.11306,0.67806,0.21219,0.12793,0.00615,4.217
2016,Mauritania,0.61391,0.28639,0.1268,0.22686,0.17955,4.201
2016,Zimbabwe,0.35041,0.1595,0.25429,0.18503,0.08582,4.193
2016,Malawi,0.08709,0.29364,0.4143,0.30968,0.07564,4.156
2016,Sudan,0.63069,0.29759,0.0,0.18077,0.10039,4.139
2016,Gabon,1.15851,0.3494,0.28098,0.06244,0.09314,4.121
2016,Mali,0.31292,0.16347,0.27544,0.21064,0.13647,4.073
2016,Haiti,0.34097,0.27494,0.12072,0.47958,0.14476,4.028
2016,Botswana,1.09426,0.34752,0.44089,0.12425,0.10769,3.974
2016,Comoros,0.27509,0.29981,0.15412,0.1827,0.18437,3.956
2016,Ivory Coast,0.55507,0.04476,0.40663,0.20338,0.1553,3.916
2016,Cambodia,0.55604,0.42494,0.58852,0.40339,0.08092,3.907
2016,Angola,0.84731,0.04991,0.00589,0.12071,0.08434,3.866
2016,Niger,0.1327,0.26162,0.38041,0.2097,0.17176,3.856
2016,South Sudan,0.39394,0.15781,0.19662,0.25899,0.13015,3.832
2016,Chad,0.42214,0.03824,0.12807,0.18667,0.04952,3.763
2016,Burkina Faso,0.31995,0.21297,0.3337,0.24353,0.12533,3.739
2016,Uganda,0.34719,0.19625,0.43653,0.27102,0.06442,3.739
2016,Yemen,0.57939,0.31048,0.2287,0.09821,0.05892,3.724
2016,Madagascar,0.27954,0.37109,0.13684,0.2204,0.07506,3.695
2016,Tanzania,0.47155,0.357,0.3176,0.31472,0.05099,3.666
2016,Liberia,0.10706,0.23165,0.25748,0.24063,0.04852,3.622
2016,Guinea,0.22415,0.18829,0.30953,0.29914,0.1192,3.607
2016,Rwanda,0.32846,0.31865,0.5432,0.23552,0.50521,3.515
2016,Benin,0.39499,0.21028,0.39747,0.2018,0.06681,3.484
2016,Afghanistan,0.38227,0.17344,0.1643,0.31268,0.07112,3.36
2016,Togo,0.28123,0.24811,0.34678,0.17517,0.11587,3.303
2016,Syria,0.74719,0.62994,0.06912,0.48397,0.17233,3.069
2016,Burundi,0.06831,0.15747,0.0432,0.2029,0.09419,2.905
2017,Norway,1.61646318435669,0.796666502952576,0.635422587394714,0.36201223731041,0.315963834524155,7.53700017929077
2017,Denmark,1.48238301277161,0.792565524578094,0.626006722450256,0.355280488729477,0.40077006816864,7.52199983596802
2017,Iceland,1.480633020401,0.833552122116089,0.627162635326385,0.475540220737457,0.153526559472084,7.50400018692017
2017,Switzerland,1.56497955322266,0.858131289482117,0.620070576667786,0.290549278259277,0.367007285356522,7.49399995803833
2017,Finland,1.44357192516327,0.80915766954422,0.617950856685638,0.24548277258873,0.38261154294014,7.4689998626709
2017,Netherlands,1.50394463539124,0.810696125030518,0.585384488105774,0.470489829778671,0.282661825418472,7.3769998550415
2017,Canada,1.47920441627502,0.83455765247345,0.611100912094116,0.435539722442627,0.287371516227722,7.31599998474121
2017,New Zealand,1.40570604801178,0.816759705543518,0.614062130451202,0.500005125999451,0.382816702127457,7.31400012969971
2017,Sweden,1.49438726902008,0.830875158309937,0.612924098968506,0.385399252176285,0.384398728609085,7.28399991989136
2017,Australia,1.484414935112,0.84388679265976,0.601607382297516,0.477699249982834,0.301183730363846,7.28399991989136
2017,Israel,1.37538242340088,0.83840399980545,0.405988603830338,0.330082654953003,0.0852421000599861,7.21299982070923
2017,Costa Rica,1.10970628261566,0.759509265422821,0.580131649971008,0.214613229036331,0.100106589496136,7.0789999961853
2017,Austria,1.48709726333618,0.815328419208527,0.567766189575195,0.316472321748734,0.221060365438461,7.00600004196167
2017,United States,1.54625928401947,0.77428662776947,0.505740523338318,0.392578780651093,0.135638788342476,6.99300003051758
2017,Ireland,1.53570663928986,0.80978262424469,0.573110342025757,0.42785832285881,0.29838815331459,6.97700023651123
2017,Germany,1.48792338371277,0.798950731754303,0.562511384487152,0.336269170045853,0.276731938123703,6.95100021362305
2017,Belgium,1.46378076076508,0.818091869354248,0.539770722389221,0.231503337621689,0.251343131065369,6.89099979400635
2017,Luxembourg,1.74194359779358,0.845089495182037,0.59662789106369,0.283180981874466,0.31883442401886,6.86299991607666
2017,United Kingdom,1.44163393974304,0.805335938930511,0.508190035820007,0.492774158716202,0.265428066253662,6.71400022506714
2017,Chile,1.25278460979462,0.819479703903198,0.376895278692245,0.326662421226501,0.0822879821062088,6.65199995040894
2017,United Arab Emirates,1.62634336948395,0.726798236370087,0.60834527015686,0.3609419465065,0.324489563703537,6.64799976348877
2017,Brazil,1.10735321044922,0.616552352905273,0.437453746795654,0.16234989464283,0.111092761158943,6.63500022888184
2017,Czech Republic,1.35268235206604,0.754444003105164,0.490946173667908,0.0881067588925362,0.0368729270994663,6.60900020599365
2017,Argentina,1.18529546260834,0.695137083530426,0.494519203901291,0.109457060694695,0.059739887714386,6.59899997711182
2017,Mexico,1.15318381786346,0.709978997707367,0.412730008363724,0.120990432798862,0.132774114608765,6.57800006866455
2017,Singapore,1.69227766990662,0.949492394924164,0.549840569496155,0.345965981483459,0.46430778503418,6.57200002670288
2017,Malta,1.34327983856201,0.821944236755371,0.588767051696777,0.574730575084686,0.153066068887711,6.52699995040894
2017,Uruguay,1.21755969524384,0.719216823577881,0.57939225435257,0.175096929073334,0.178061872720718,6.4539999961853
2017,Guatemala,0.872001945972443,0.540239989757538,0.531310617923737,0.283488392829895,0.0772232785820961,6.4539999961853
2017,Panama,1.23374843597412,0.706156134605408,0.550026834011078,0.21055693924427,0.070983923971653,6.4520001411438
2017,France,1.43092346191406,0.844465851783752,0.470222115516663,0.129762306809425,0.172502428293228,6.44199991226196
2017,Thailand,1.12786877155304,0.647239029407501,0.580200731754303,0.572123110294342,0.0316127352416515,6.42399978637695
2017,Taiwan Province of China,1.43362653255463,0.793984234333038,0.361466586589813,0.258360475301743,0.0638292357325554,6.42199993133545
2017,Spain,1.38439786434174,0.888960599899292,0.408781230449677,0.190133571624756,0.0709140971302986,6.40299987792969
2017,Qatar,1.87076568603516,0.710098087787628,0.604130983352661,0.330473870038986,0.439299255609512,6.375
2017,Colombia,1.07062232494354,0.595027923583984,0.477487415075302,0.149014472961426,0.0466687418520451,6.35699987411499
2017,Saudi Arabia,1.53062355518341,0.590148329734802,0.449750572443008,0.147616013884544,0.27343225479126,6.3439998626709
2017,Trinidad and Tobago,1.36135590076447,0.519983291625977,0.518630743026733,0.325296461582184,0.0089648161083459,6.16800022125244
2017,Kuwait,1.63295245170593,0.632105708122253,0.496337592601776,0.228289797902107,0.215159550309181,6.10500001907349
2017,Slovakia,1.32539355754852,0.712732911109924,0.295817464590073,0.136544480919838,0.0242108516395092,6.09800004959106
2017,Bahrain,1.48841226100922,0.653133034706116,0.536746919155121,0.172668486833572,0.257042169570923,6.08699989318848
2017,Malaysia,1.29121541976929,0.618784427642822,0.402264982461929,0.416608929634094,0.0656007081270218,6.08400011062622
2017,Nicaragua,0.737299203872681,0.653095960617065,0.447551846504211,0.301674216985703,0.130687981843948,6.07100009918213
2017,Ecuador,1.00082039833069,0.685636222362518,0.4551981985569,0.150112465023994,0.140134647488594,6.00799989700317
2017,El Salvador,0.909784495830536,0.596018552780151,0.432452529668808,0.0782579854130745,0.0899809598922729,6.00299978256226
2017,Poland,1.29178786277771,0.699475347995758,0.520342111587524,0.158465966582298,0.0593078061938286,5.97300004959106
2017,Uzbekistan,0.786441087722778,0.498272627592087,0.658248662948608,0.415983647108078,0.246528223156929,5.97100019454956
2017,Italy,1.39506661891937,0.853144347667694,0.256450712680817,0.17278964817524,0.0280280914157629,5.96400022506714
2017,Russia,1.28177809715271,0.547349333763123,0.373783111572266,0.0522638224065304,0.0329628810286522,5.96299982070923
2017,Belize,0.907975316047668,0.450191766023636,0.547509372234344,0.240015640854836,0.0965810716152191,5.95599985122681
2017,Japan,1.41691517829895,0.913475871086121,0.505625545978546,0.12057276815176,0.163760736584663,5.92000007629395
2017,Lithuania,1.31458234786987,0.62894994020462,0.234231784939766,0.010164656676352,0.0118656428530812,5.90199995040894
2017,Algeria,1.09186446666718,0.617584645748138,0.233335807919502,0.0694366469979286,0.146096110343933,5.87200021743774
2017,Latvia,1.26074862480164,0.638566970825195,0.325707912445068,0.153074786067009,0.0738427266478539,5.84999990463257
2017,South Korea,1.40167844295502,0.900214076042175,0.257921665906906,0.206674367189407,0.0632826685905457,5.83799982070923
2017,Moldova,0.728870630264282,0.589465200901031,0.240729048848152,0.208779126405716,0.0100912861526012,5.83799982070923
2017,Romania,1.21768391132355,0.685158312320709,0.457003742456436,0.133519917726517,0.00438790069893,5.82499980926514
2017,Bolivia,0.833756566047668,0.473630249500275,0.558732926845551,0.22556072473526,0.0604777261614799,5.82299995422363
2017,Turkmenistan,1.13077676296234,0.437726080417633,0.41827192902565,0.24992498755455,0.259270340204239,5.82200002670288
2017,Kazakhstan,1.28455626964569,0.606041550636292,0.437454283237457,0.201964423060417,0.119282886385918,5.81899976730347
2017,North Cyprus,1.3469113111496,0.834647238254547,0.471203625202179,0.266845703125,0.155353352427483,5.80999994277954
2017,Slovenia,1.3412059545517,0.790828227996826,0.572575807571411,0.242649093270302,0.0451289787888527,5.75799989700317
2017,Peru,1.03522527217865,0.630166113376617,0.450002878904343,0.126819714903831,0.0470490865409374,5.71500015258789
2017,Mauritius,1.18939554691315,0.638007462024689,0.491247326135635,0.360933750867844,0.0421815551817417,5.62900018692017
2017,Cyprus,1.35593807697296,0.84471470117569,0.355111539363861,0.271254301071167,0.0412379764020443,5.62099981307983
2017,Estonia,1.32087934017181,0.695168316364288,0.479131430387497,0.0988908112049103,0.183248922228813,5.61100006103516
2017,Belarus,1.15655755996704,0.637714266777039,0.295400261878967,0.15513750910759,0.156313821673393,5.56899976730347
2017,Libya,1.10180306434631,0.520169019699097,0.465733230113983,0.152073666453362,0.0926102101802826,5.52500009536743
2017,Turkey,1.19827437400818,0.637605607509613,0.300740599632263,0.0466930419206619,0.0996715798974037,5.5
2017,Paraguay,0.932537317276001,0.579250693321228,0.473507791757584,0.224150657653809,0.091065913438797,5.49300003051758
2017,"Hong Kong S.A.R., China",1.55167484283447,0.943062424659729,0.490968644618988,0.374465793371201,0.293933749198914,5.47200012207031
2017,Philippines,0.85769921541214,0.468009054660797,0.585214674472809,0.193513423204422,0.0993318930268288,5.42999982833862
2017,Serbia,1.06931757926941,0.65078467130661,0.208715528249741,0.220125883817673,0.0409037806093693,5.39499998092651
2017,Jordan,0.991012394428253,0.604590058326721,0.418421149253845,0.172170460224152,0.11980327218771,5.33599996566772
2017,Hungary,1.2860119342804,0.687763452529907,0.175863519310951,0.0784016624093056,0.0366369374096394,5.32399988174438
2017,Jamaica,0.925579309463501,0.641022384166718,0.474307239055634,0.233818337321281,0.0552677810192108,5.31099987030029
2017,Croatia,1.22255623340607,0.701288521289825,0.255772292613983,0.248002976179123,0.0431031100451946,5.29300022125244
2017,Kosovo,0.951484382152557,0.541452050209045,0.260287940502167,0.319931447505951,0.0574716180562973,5.27899980545044
2017,China,1.08116579055786,0.741415500640869,0.472787708044052,0.0288068410009146,0.0227942746132612,5.27299976348877
2017,Pakistan,0.72688353061676,0.402047783136368,0.23521526157856,0.315446019172668,0.124348066747189,5.26900005340576
2017,Indonesia,0.995538592338562,0.492345720529556,0.443323463201523,0.611704587936401,0.0153171354904771,5.26200008392334
2017,Venezuela,1.12843120098114,0.617144227027893,0.153997123241425,0.0650196298956871,0.0644911229610443,5.25
2017,Montenegro,1.12112903594971,0.667464673519135,0.194989055395126,0.197911024093628,0.0881741940975189,5.23699998855591
2017,Morocco,0.878114581108093,0.59771066904068,0.408158332109451,0.0322099551558495,0.0877631828188896,5.2350001335144
2017,Azerbaijan,1.15360176563263,0.540775775909424,0.398155838251114,0.0452693402767181,0.180987507104874,5.23400020599365
2017,Dominican Republic,1.07937383651733,0.574873745441437,0.55258983373642,0.186967849731445,0.113945253193378,5.23000001907349
2017,Greece,1.28948748111725,0.810198903083801,0.0957312509417534,0.0,0.04328977689147,5.22700023651123
2017,Lebanon,1.07498753070831,0.735081076622009,0.288515985012054,0.264450758695602,0.037513829767704,5.22499990463257
2017,Portugal,1.3151752948761,0.795843541622162,0.498465299606323,0.0951027125120163,0.0158694516867399,5.19500017166138
2017,Bosnia and Herzegovina,0.982409417629242,0.705186307430267,0.204403176903725,0.328867495059967,0.0,5.18200016021729
2017,Honduras,0.730573117733002,0.582569479942322,0.348079860210419,0.236188873648643,0.0733454525470734,5.18100023269653
2017,Macedonia,1.06457793712616,0.644948184490204,0.325905978679657,0.25376096367836,0.0602777935564518,5.17500019073486
2017,Somalia,0.0226431842893362,0.113989137113094,0.602126955986023,0.291631311178207,0.282410323619843,5.15100002288818
2017,Vietnam,0.788547575473785,0.652168989181519,0.571055591106415,0.234968051314354,0.0876332372426987,5.07399988174438
2017,Nigeria,0.783756256103516,0.0569157302379608,0.394952565431595,0.230947196483612,0.0261215660721064,5.07399988174438
2017,Tajikistan,0.524713635444641,0.529235124588013,0.471566706895828,0.248997643589973,0.146377146244049,5.04099988937378
2017,Bhutan,0.885416388511658,0.495879292488098,0.501537680625916,0.474054545164108,0.173380389809608,5.01100015640259
2017,Kyrgyzstan,0.596220076084137,0.553457796573639,0.454943388700485,0.42858037352562,0.0394391790032387,5.00400018692017
2017,Nepal,0.479820191860199,0.504130780696869,0.440305948257446,0.394096165895462,0.0729755461215973,4.96199989318848
2017,Mongolia,1.02723586559296,0.557783484458923,0.394143968820572,0.338464230298996,0.0329022891819477,4.95499992370605
2017,South Africa,1.05469870567322,0.187080070376396,0.479246735572815,0.139362379908562,0.0725094974040985,4.8289999961853
2017,Tunisia,1.00726580619812,0.613212049007416,0.289680689573288,0.0496933571994305,0.0867231488227844,4.80499982833862
2017,Palestinian Territories,0.716249227523804,0.565666973590851,0.25471106171608,0.114173173904419,0.0892826020717621,4.77500009536743
2017,Egypt,0.989701807498932,0.520187258720398,0.282110154628754,0.128631442785263,0.114381365478039,4.7350001335144
2017,Bulgaria,1.1614590883255,0.708217680454254,0.289231717586517,0.113177694380283,0.0110515309497714,4.71400022506714
2017,Sierra Leone,0.36842092871666,0.0055647538974881,0.318697690963745,0.293040901422501,0.0710951760411263,4.70900011062622
2017,Cameroon,0.564305365085602,0.132892116904259,0.430388748645782,0.236298456788063,0.0513066314160824,4.69500017166138
2017,Iran,1.15687310695648,0.639333188533783,0.249322608113289,0.387242913246155,0.048761073499918,4.69199991226196
2017,Albania,0.996192753314972,0.731159746646881,0.381498634815216,0.201312944293022,0.0398642159998417,4.64400005340576
2017,Bangladesh,0.586682975292206,0.533241033554077,0.478356659412384,0.172255352139473,0.123717859387398,4.60799980163574
2017,Namibia,0.964434325695038,0.33861181139946,0.520303547382355,0.0771337449550629,0.0931469723582268,4.57399988174438
2017,Kenya,0.560479462146759,0.309988349676132,0.452763766050339,0.444860309362411,0.0646413192152977,4.55299997329712
2017,Mozambique,0.234305649995804,0.106654435396194,0.480791091918945,0.322228103876114,0.179436385631561,4.55000019073486
2017,Myanmar,0.367110550403595,0.397522568702698,0.514492034912109,0.838075160980225,0.188816204667091,4.54500007629395
2017,Senegal,0.479309022426605,0.409362852573395,0.377922266721725,0.183468893170357,0.115460447967052,4.53499984741211
2017,Zambia,0.636406779289246,0.257835894823074,0.461603492498398,0.249580144882202,0.0782135501503944,4.51399993896484
2017,Iraq,1.10271048545837,0.501180469989777,0.288555532693863,0.19963726401329,0.107215754687786,4.49700021743774
2017,Gabon,1.1982102394104,0.356578588485718,0.312328577041626,0.0437853783369064,0.0760467872023582,4.46500015258789
2017,Ethiopia,0.339233845472336,0.353409707546234,0.408842742443085,0.312650740146637,0.165455713868141,4.46000003814697
2017,Sri Lanka,1.00985014438629,0.625130832195282,0.561213254928589,0.490863561630249,0.0736539661884308,4.44000005722046
2017,Armenia,0.900596737861633,0.637524425983429,0.198303267359734,0.0834880918264389,0.0266744215041399,4.37599992752075
2017,India,0.792221248149872,0.455427616834641,0.469987004995346,0.231538489460945,0.0922268852591515,4.31500005722046
2017,Mauritania,0.648457288742065,0.285349279642105,0.0960980430245399,0.201870024204254,0.136957004666328,4.29199981689453
2017,Congo (Brazzaville),0.808964252471924,0.28995743393898,0.435025870800018,0.120852127671242,0.0796181336045265,4.29099988937378
2017,Georgia,0.950612664222717,0.649546980857849,0.309410035610199,0.0540088154375553,0.251666635274887,4.28599977493286
2017,Congo (Kinshasa),0.0921023488044739,0.191407024860382,0.235961347818375,0.246455833315849,0.0602413564920425,4.28000020980835
2017,Mali,0.476180493831635,0.169365674257278,0.306613743305206,0.183354198932648,0.104970246553421,4.19000005722046
2017,Ivory Coast,0.603048920631409,0.0486421696841717,0.447706192731857,0.201237469911575,0.130061775445938,4.17999982833862
2017,Cambodia,0.601765096187592,0.429783403873444,0.633375823497772,0.385922968387604,0.0681059509515762,4.16800022125244
2017,Sudan,0.65951669216156,0.290920823812485,0.0149958552792668,0.182317450642586,0.089847519993782,4.13899993896484
2017,Ghana,0.667224824428558,0.295637726783752,0.423026293516159,0.256923943758011,0.0253363698720932,4.11999988555908
2017,Ukraine,0.89465194940567,0.575903952121735,0.122974775731564,0.270061463117599,0.0230294708162546,4.09600019454956
2017,Uganda,0.381430715322495,0.217632606625557,0.443185955286026,0.325766056776047,0.057069718837738,4.08099985122681
2017,Burkina Faso,0.3502277135849,0.215844258666039,0.324367851018906,0.250864684581757,0.120328105986118,4.03200006484985
2017,Niger,0.161925330758095,0.26850500702858,0.36365869641304,0.228673845529556,0.138572946190834,4.02799987792969
2017,Malawi,0.233442038297653,0.315089583396912,0.466914653778076,0.287170469760895,0.0727116540074348,3.97000002861023
2017,Chad,0.438012987375259,0.0411347150802612,0.16234202682972,0.216113850474358,0.0535818822681904,3.93600010871887
2017,Zimbabwe,0.375846534967422,0.196763753890991,0.336384207010269,0.189143493771553,0.0953753814101219,3.875
2017,Lesotho,0.521021246910095,0.0,0.390661299228668,0.157497271895409,0.119094640016556,3.80800008773804
2017,Angola,0.858428180217743,0.0498686656355858,0.0,0.097926490008831,0.0697203353047371,3.79500007629395
2017,Afghanistan,0.401477217674255,0.180746778845787,0.106179520487785,0.311870932579041,0.0611578300595284,3.79399991035461
2017,Botswana,1.12209415435791,0.341755509376526,0.505196332931519,0.0993484482169151,0.0985831990838051,3.76600003242493
2017,Benin,0.431085407733917,0.209930211305618,0.425962775945663,0.207948461174965,0.0609290152788162,3.65700006484985
2017,Madagascar,0.305808693170547,0.375223308801651,0.189196765422821,0.208732530474663,0.0672319754958153,3.64400005340576
2017,Haiti,0.368610262870789,0.277321130037308,0.0303698573261499,0.489203780889511,0.0998721495270729,3.6029999256134
2017,Yemen,0.591683447360992,0.310080915689468,0.249463722109795,0.104125209152699,0.0567674227058887,3.59299993515015
2017,South Sudan,0.39724862575531,0.163486003875732,0.147062435746193,0.285670816898346,0.116793513298035,3.59100008010864
2017,Liberia,0.119041793048382,0.229918196797371,0.332881182432175,0.26654988527298,0.0389482490718365,3.53299999237061
2017,Guinea,0.244549930095673,0.194129139184952,0.348587512969971,0.264815092086792,0.110937617719173,3.50699996948242
2017,Togo,0.305444717407227,0.247105568647385,0.38042613863945,0.196896150708199,0.0956650152802467,3.49499988555908
2017,Rwanda,0.368745893239975,0.326424807310104,0.581843852996826,0.252756029367447,0.455220013856888,3.47099995613098
2017,Syria,0.777153134346008,0.50053334236145,0.0815394446253777,0.493663728237152,0.151347130537033,3.46199989318848
2017,Tanzania,0.511135876178741,0.364509284496307,0.390017777681351,0.354256361722946,0.0660351067781448,3.34899997711182
2017,Burundi,0.091622568666935,0.151610791683197,0.0599007532000542,0.204435184597969,0.0841479450464249,2.90499997138977
2017,Central African Republic,0.0,0.0187726859003305,0.270842045545578,0.280876487493515,0.0565650761127472,2.69300007820129
2018,Finland,1.305,0.874,0.681,0.202,0.393,7.632
2018,Norway,1.456,0.861,0.686,0.286,0.34,7.594
2018,Denmark,1.351,0.868,0.683,0.284,0.408,7.555
2018,Iceland,1.343,0.914,0.677,0.353,0.138,7.495
2018,Switzerland,1.42,0.927,0.66,0.256,0.357,7.487
2018,Netherlands,1.361,0.878,0.638,0.333,0.295,7.441
2018,Canada,1.33,0.896,0.653,0.321,0.291,7.328
2018,New Zealand,1.268,0.876,0.669,0.365,0.389,7.324
2018,Sweden,1.355,0.913,0.659,0.285,0.383,7.314
2018,Australia,1.34,0.91,0.647,0.361,0.302,7.272
2018,United Kingdom,1.244,0.888,0.464,0.262,0.082,7.19
2018,Austria,1.341,0.891,0.617,0.242,0.224,7.139
2018,Costa Rica,1.01,0.817,0.632,0.143,0.101,7.072
2018,Ireland,1.448,0.876,0.614,0.307,0.306,6.977
2018,Germany,1.34,0.861,0.586,0.273,0.28,6.965
2018,Belgium,1.324,0.894,0.583,0.188,0.24,6.927
2018,Luxembourg,1.576,0.896,0.632,0.196,0.321,6.91
2018,United States,1.398,0.819,0.547,0.291,0.133,6.886
2018,Israel,1.301,0.883,0.533,0.354,0.272,6.814
2018,United Arab Emirates,2.096,0.67,0.284,0.186,0.182,6.774
2018,Czech Republic,1.233,0.854,0.543,0.064,0.034,6.711
2018,Malta,1.27,0.884,0.645,0.376,0.142,6.627
2018,France,1.293,0.908,0.52,0.098,0.176,6.489
2018,Mexico,1.038,0.761,0.479,0.069,0.095,6.488
2018,Chile,1.131,0.808,0.431,0.197,0.061,6.476
2018,Taiwan,1.365,0.857,0.418,0.151,0.078,6.441
2018,Panama,1.112,0.759,0.597,0.125,0.063,6.43
2018,Brazil,0.986,0.675,0.493,0.11,0.088,6.419
2018,Argentina,1.073,0.744,0.57,0.062,0.054,6.388
2018,Guatemala,0.781,0.608,0.604,0.179,0.071,6.382
2018,Uruguay,1.093,0.771,0.625,0.13,0.155,6.379
2018,Qatar,1.649,0.748,0.654,0.256,0.171,6.374
2018,Saudi Arabia,1.379,0.633,0.509,0.098,0.127,6.371
2018,Singapore,1.529,1.008,0.631,0.261,0.457,6.343
2018,Malaysia,1.161,0.669,0.356,0.311,0.059,6.322
2018,Spain,1.251,0.965,0.449,0.142,0.074,6.31
2018,Colombia,0.96,0.635,0.531,0.099,0.039,6.26
2018,Trinidad & Tobago,1.223,0.564,0.575,0.171,0.019,6.192
2018,Slovakia,1.21,0.776,0.354,0.118,0.014,6.173
2018,El Salvador,0.806,0.639,0.461,0.065,0.082,6.167
2018,Nicaragua,0.668,0.7,0.527,0.208,0.128,6.141
2018,Poland,1.176,0.781,0.546,0.108,0.064,6.123
2018,Bahrain,1.338,0.698,0.594,0.243,0.123,6.105
2018,Uzbekistan,0.719,0.605,0.724,0.328,0.259,6.096
2018,Kuwait,1.474,0.675,0.554,0.167,0.106,6.083
2018,Thailand,1.016,0.707,0.637,0.364,0.029,6.072
2018,Italy,1.264,0.946,0.281,0.137,0.028,6.0
2018,Ecuador,0.889,0.736,0.556,0.114,0.12,5.973
2018,Belize,0.807,0.474,0.593,0.183,0.089,5.956
2018,Lithuania,1.197,0.716,0.35,0.026,0.006,5.952
2018,Slovenia,1.219,0.856,0.633,0.16,0.051,5.948
2018,Romania,1.116,0.726,0.528,0.088,0.001,5.945
2018,Latvia,1.148,0.671,0.363,0.092,0.066,5.933
2018,Japan,1.294,0.988,0.553,0.079,0.15,5.915
2018,Mauritius,1.09,0.684,0.584,0.245,0.05,5.891
2018,Jamaica,0.819,0.693,0.575,0.096,0.031,5.89
2018,South Korea,1.266,0.955,0.244,0.175,0.051,5.875
2018,Northern Cyprus,1.229,0.909,0.495,0.179,0.154,5.835
2018,Russia,1.151,0.599,0.399,0.065,0.025,5.81
2018,Kazakhstan,1.143,0.631,0.454,0.148,0.121,5.79
2018,Cyprus,1.229,0.909,0.423,0.202,0.035,5.762
2018,Bolivia,0.751,0.508,0.606,0.141,0.054,5.752
2018,Estonia,1.2,0.737,0.553,0.086,0.174,5.739
2018,Paraguay,0.835,0.615,0.541,0.162,0.074,5.681
2018,Peru,0.934,0.674,0.53,0.092,0.034,5.663
2018,Kosovo,0.855,0.578,0.448,0.274,0.023,5.662
2018,Moldova,0.657,0.62,0.232,0.171,0.0,5.64
2018,Turkmenistan,1.016,0.517,0.417,0.199,0.037,5.636
2018,Hungary,1.171,0.732,0.259,0.061,0.022,5.62
2018,Libya,0.985,0.553,0.496,0.116,0.148,5.566
2018,Philippines,0.775,0.513,0.643,0.12,0.105,5.524
2018,Honduras,0.62,0.622,0.459,0.197,0.074,5.504
2018,Belarus,1.039,0.7,0.307,0.101,0.154,5.483
2018,Turkey,1.148,0.686,0.324,0.106,0.109,5.483
2018,Pakistan,0.652,0.424,0.334,0.216,0.113,5.472
2018,Hong Kong,1.405,1.03,0.524,0.246,0.291,5.43
2018,Portugal,1.188,0.884,0.562,0.055,0.017,5.41
2018,Serbia,0.975,0.685,0.288,0.134,0.043,5.398
2018,Greece,1.154,0.879,0.131,0.0,0.044,5.358
2018,Lebanon,0.965,0.785,0.503,0.214,0.136,5.358
2018,Montenegro,1.017,0.729,0.259,0.111,0.081,5.347
2018,Croatia,1.115,0.737,0.38,0.12,0.039,5.321
2018,Dominican Republic,0.982,0.614,0.578,0.12,0.106,5.302
2018,Algeria,0.979,0.687,0.077,0.055,0.135,5.295
2018,Morocco,0.779,0.669,0.46,0.026,0.074,5.254
2018,China,0.989,0.799,0.597,0.029,0.103,5.246
2018,Azerbaijan,1.024,0.603,0.43,0.031,0.176,5.201
2018,Tajikistan,0.474,0.598,0.292,0.187,0.034,5.199
2018,Macedonia,0.959,0.691,0.394,0.173,0.052,5.185
2018,Jordan,0.822,0.645,0.468,0.13,0.134,5.161
2018,Nigeria,0.689,0.048,0.462,0.201,0.032,5.155
2018,Kyrgyzstan,0.53,0.594,0.54,0.281,0.035,5.131
2018,Bosnia and Herzegovina,0.915,0.758,0.28,0.216,0.0,5.129
2018,Mongolia,0.914,0.575,0.395,0.253,0.032,5.125
2018,Vietnam,0.715,0.702,0.618,0.177,0.079,5.103
2018,Indonesia,0.899,0.522,0.538,0.484,0.018,5.093
2018,Bhutan,0.796,0.527,0.541,0.364,0.171,5.082
2018,Somalia,0.0,0.115,0.674,0.238,0.282,4.982
2018,Cameroon,0.535,0.182,0.454,0.183,0.043,4.975
2018,Bulgaria,1.054,0.712,0.359,0.064,0.009,4.933
2018,Nepal,0.425,0.539,0.526,0.302,0.078,4.88
2018,Venezuela,0.996,0.657,0.133,0.056,0.052,4.806
2018,Gabon,1.036,0.404,0.356,0.032,0.052,4.758
2018,Palestinian Territories,0.642,0.602,0.266,0.086,0.076,4.743
2018,South Africa,0.94,0.33,0.516,0.103,0.056,4.724
2018,Iran,1.059,0.691,0.459,0.282,0.129,4.707
2018,Ivory Coast,0.541,0.08,0.467,0.146,0.103,4.671
2018,Ghana,0.592,0.337,0.499,0.212,0.029,4.657
2018,Senegal,0.429,0.433,0.406,0.138,0.082,4.631
2018,Laos,0.72,0.441,0.626,0.23,0.174,4.623
2018,Tunisia,0.9,0.69,0.271,0.04,0.063,4.592
2018,Albania,0.916,0.79,0.419,0.149,0.032,4.586
2018,Sierra Leone,0.256,0.0,0.355,0.238,0.053,4.571
2018,Congo (Brazzaville),0.682,0.343,0.514,0.091,0.077,4.559
2018,Bangladesh,0.532,0.579,0.58,0.153,0.144,4.5
2018,Sri Lanka,0.918,0.672,0.585,0.307,0.05,4.471
2018,Iraq,1.01,0.536,0.304,0.148,0.095,4.456
2018,Mali,0.37,0.152,0.367,0.139,0.056,4.447
2018,Namibia,0.874,0.365,0.519,0.051,0.064,4.441
2018,Cambodia,0.549,0.457,0.696,0.256,0.065,4.433
2018,Burkina Faso,0.314,0.254,0.312,0.175,0.128,4.424
2018,Egypt,0.885,0.553,0.312,0.092,0.107,4.419
2018,Mozambique,0.198,0.173,0.531,0.206,0.158,4.417
2018,Kenya,0.493,0.454,0.504,0.352,0.055,4.41
2018,Zambia,0.562,0.295,0.503,0.221,0.082,4.377
2018,Mauritania,0.557,0.292,0.129,0.134,0.093,4.356
2018,Ethiopia,0.308,0.391,0.452,0.22,0.146,4.35
2018,Georgia,0.853,0.643,0.375,0.038,0.215,4.34
2018,Armenia,0.816,0.666,0.26,0.077,0.028,4.321
2018,Myanmar,0.682,0.429,0.58,0.598,0.178,4.308
2018,Chad,0.358,0.053,0.189,0.181,0.06,4.301
2018,Congo (Kinshasa),0.069,0.204,0.312,0.197,0.052,4.245
2018,India,0.721,0.485,0.539,0.172,0.093,4.19
2018,Niger,0.131,0.221,0.39,0.175,0.099,4.166
2018,Uganda,0.322,0.237,0.45,0.259,0.061,4.161
2018,Benin,0.378,0.24,0.44,0.163,0.067,4.141
2018,Sudan,0.605,0.312,0.016,0.134,0.082,4.139
2018,Ukraine,0.793,0.609,0.163,0.187,0.011,4.103
2018,Togo,0.259,0.253,0.434,0.158,0.101,3.999
2018,Guinea,0.344,0.211,0.394,0.185,0.094,3.964
2018,Lesotho,0.472,0.079,0.423,0.116,0.112,3.808
2018,Angola,0.73,0.269,0.0,0.079,0.061,3.795
2018,Madagascar,0.262,0.402,0.221,0.155,0.049,3.774
2018,Zimbabwe,0.357,0.248,0.406,0.132,0.099,3.692
2018,Afghanistan,0.332,0.255,0.085,0.191,0.036,3.632
2018,Botswana,1.017,0.417,0.557,0.042,0.092,3.59
2018,Malawi,0.186,0.306,0.531,0.21,0.08,3.587
2018,Haiti,0.315,0.289,0.025,0.392,0.104,3.582
2018,Liberia,0.076,0.267,0.419,0.206,0.03,3.495
2018,Syria,0.689,0.539,0.088,0.376,0.144,3.462
2018,Rwanda,0.332,0.4,0.636,0.2,0.444,3.408
2018,Yemen,0.442,0.343,0.244,0.083,0.064,3.355
2018,Tanzania,0.455,0.381,0.481,0.27,0.097,3.303
2018,South Sudan,0.337,0.177,0.112,0.224,0.106,3.254
2018,Central African Republic,0.024,0.01,0.305,0.218,0.038,3.083
2018,Burundi,0.091,0.145,0.065,0.149,0.076,2.905
2019,Finland,1.34,0.986,0.596,0.153,0.393,7.769
2019,Denmark,1.383,0.996,0.592,0.252,0.41,7.6
2019,Norway,1.488,1.028,0.603,0.271,0.341,7.554
2019,Iceland,1.38,1.026,0.591,0.354,0.118,7.494
2019,Netherlands,1.396,0.999,0.557,0.322,0.298,7.488
2019,Switzerland,1.452,1.052,0.572,0.263,0.343,7.48
2019,Sweden,1.387,1.009,0.574,0.267,0.373,7.343
2019,New Zealand,1.303,1.026,0.585,0.33,0.38,7.307
2019,Canada,1.365,1.039,0.584,0.285,0.308,7.278
2019,Austria,1.376,1.016,0.532,0.244,0.226,7.246
2019,Australia,1.372,1.036,0.557,0.332,0.29,7.228
2019,Costa Rica,1.034,0.963,0.558,0.144,0.093,7.167
2019,Israel,1.276,1.029,0.371,0.261,0.082,7.139
2019,Luxembourg,1.609,1.012,0.526,0.194,0.316,7.09
2019,United Kingdom,1.333,0.996,0.45,0.348,0.278,7.054
2019,Ireland,1.499,0.999,0.516,0.298,0.31,7.021
2019,Germany,1.373,0.987,0.495,0.261,0.265,6.985
2019,Belgium,1.356,0.986,0.473,0.16,0.21,6.923
2019,United States,1.433,0.874,0.454,0.28,0.128,6.892
2019,Czech Republic,1.269,0.92,0.457,0.046,0.036,6.852
2019,United Arab Emirates,1.503,0.825,0.598,0.262,0.182,6.825
2019,Malta,1.3,0.999,0.564,0.375,0.151,6.726
2019,Mexico,1.07,0.861,0.433,0.074,0.073,6.595
2019,France,1.324,1.045,0.436,0.111,0.183,6.592
2019,Taiwan,1.368,0.914,0.351,0.242,0.097,6.446
2019,Chile,1.159,0.92,0.357,0.187,0.056,6.444
2019,Guatemala,0.8,0.746,0.535,0.175,0.078,6.436
2019,Saudi Arabia,1.403,0.795,0.439,0.08,0.132,6.375
2019,Qatar,1.684,0.871,0.555,0.22,0.167,6.374
2019,Spain,1.286,1.062,0.362,0.153,0.079,6.354
2019,Panama,1.149,0.91,0.516,0.109,0.054,6.321
2019,Brazil,1.004,0.802,0.39,0.099,0.086,6.3
2019,Uruguay,1.124,0.891,0.523,0.127,0.15,6.293
2019,Singapore,1.572,1.141,0.556,0.271,0.453,6.262
2019,El Salvador,0.794,0.789,0.43,0.093,0.074,6.253
2019,Italy,1.294,1.039,0.231,0.158,0.03,6.223
2019,Bahrain,1.362,0.871,0.536,0.255,0.11,6.199
2019,Slovakia,1.246,0.881,0.334,0.121,0.014,6.198
2019,Trinidad & Tobago,1.231,0.713,0.489,0.185,0.016,6.192
2019,Poland,1.206,0.884,0.483,0.117,0.05,6.182
2019,Uzbekistan,0.745,0.756,0.631,0.322,0.24,6.174
2019,Lithuania,1.238,0.818,0.291,0.043,0.042,6.149
2019,Colombia,0.985,0.841,0.47,0.099,0.034,6.125
2019,Slovenia,1.258,0.953,0.564,0.144,0.057,6.118
2019,Nicaragua,0.694,0.835,0.435,0.2,0.127,6.105
2019,Kosovo,0.882,0.758,0.489,0.262,0.006,6.1
2019,Argentina,1.092,0.881,0.471,0.066,0.05,6.086
2019,Romania,1.162,0.825,0.462,0.083,0.005,6.07
2019,Cyprus,1.263,1.042,0.406,0.19,0.041,6.046
2019,Ecuador,0.912,0.868,0.498,0.126,0.087,6.028
2019,Kuwait,1.5,0.808,0.493,0.142,0.097,6.021
2019,Thailand,1.05,0.828,0.557,0.359,0.028,6.008
2019,Latvia,1.187,0.812,0.264,0.075,0.064,5.94
2019,South Korea,1.301,1.036,0.159,0.175,0.056,5.895
2019,Estonia,1.237,0.874,0.495,0.103,0.161,5.893
2019,Jamaica,0.831,0.831,0.49,0.107,0.028,5.89
2019,Mauritius,1.12,0.798,0.498,0.215,0.06,5.888
2019,Japan,1.327,1.088,0.445,0.069,0.14,5.886
2019,Honduras,0.642,0.828,0.507,0.246,0.078,5.86
2019,Kazakhstan,1.173,0.729,0.41,0.146,0.096,5.809
2019,Bolivia,0.776,0.706,0.511,0.137,0.064,5.779
2019,Hungary,1.201,0.828,0.199,0.081,0.02,5.758
2019,Paraguay,0.855,0.777,0.514,0.184,0.08,5.743
2019,Northern Cyprus,1.263,1.042,0.417,0.191,0.162,5.718
2019,Peru,0.96,0.854,0.455,0.083,0.027,5.697
2019,Portugal,1.221,0.999,0.508,0.047,0.025,5.693
2019,Pakistan,0.677,0.535,0.313,0.22,0.098,5.653
2019,Russia,1.183,0.726,0.334,0.082,0.031,5.648
2019,Philippines,0.807,0.657,0.558,0.117,0.107,5.631
2019,Serbia,1.004,0.854,0.282,0.137,0.039,5.603
2019,Moldova,0.685,0.739,0.245,0.181,0.0,5.529
2019,Libya,1.044,0.673,0.416,0.133,0.152,5.525
2019,Montenegro,1.051,0.871,0.197,0.142,0.08,5.523
2019,Tajikistan,0.493,0.718,0.389,0.23,0.144,5.467
2019,Croatia,1.155,0.914,0.296,0.119,0.022,5.432
2019,Hong Kong,1.438,1.122,0.44,0.258,0.287,5.43
2019,Dominican Republic,1.015,0.779,0.497,0.113,0.101,5.425
2019,Bosnia and Herzegovina,0.945,0.845,0.212,0.263,0.006,5.386
2019,Turkey,1.183,0.808,0.195,0.083,0.106,5.373
2019,Malaysia,1.221,0.828,0.508,0.26,0.024,5.339
2019,Belarus,1.067,0.789,0.235,0.094,0.142,5.323
2019,Greece,1.181,0.999,0.067,0.0,0.034,5.287
2019,Mongolia,0.948,0.667,0.317,0.235,0.038,5.285
2019,North Macedonia,0.983,0.838,0.345,0.185,0.034,5.274
2019,Nigeria,0.696,0.245,0.426,0.215,0.041,5.265
2019,Kyrgyzstan,0.551,0.723,0.508,0.3,0.023,5.261
2019,Turkmenistan,1.052,0.657,0.394,0.244,0.028,5.247
2019,Algeria,1.002,0.785,0.086,0.073,0.114,5.211
2019,Morocco,0.801,0.782,0.418,0.036,0.076,5.208
2019,Azerbaijan,1.043,0.769,0.351,0.035,0.182,5.208
2019,Lebanon,0.987,0.815,0.216,0.166,0.027,5.197
2019,Indonesia,0.931,0.66,0.491,0.498,0.028,5.192
2019,China,1.029,0.893,0.521,0.058,0.1,5.191
2019,Vietnam,0.741,0.851,0.543,0.147,0.073,5.175
2019,Bhutan,0.813,0.604,0.457,0.37,0.167,5.082
2019,Cameroon,0.549,0.331,0.381,0.187,0.037,5.044
2019,Bulgaria,1.092,0.815,0.311,0.081,0.004,5.011
2019,Ghana,0.611,0.486,0.381,0.245,0.04,4.996
2019,Ivory Coast,0.569,0.232,0.352,0.154,0.09,4.944
2019,Nepal,0.446,0.677,0.439,0.285,0.089,4.913
2019,Jordan,0.837,0.815,0.383,0.11,0.13,4.906
2019,Benin,0.393,0.397,0.349,0.175,0.082,4.883
2019,Congo (Brazzaville),0.673,0.508,0.372,0.105,0.093,4.812
2019,Gabon,1.057,0.571,0.295,0.043,0.055,4.799
2019,Laos,0.764,0.551,0.547,0.266,0.164,4.796
2019,South Africa,0.96,0.469,0.389,0.13,0.055,4.722
2019,Albania,0.947,0.874,0.383,0.178,0.027,4.719
2019,Venezuela,0.96,0.805,0.154,0.064,0.047,4.707
2019,Cambodia,0.574,0.637,0.609,0.232,0.062,4.7
2019,Palestinian Territories,0.657,0.672,0.225,0.103,0.066,4.696
2019,Senegal,0.45,0.571,0.292,0.153,0.072,4.681
2019,Somalia,0.0,0.268,0.559,0.243,0.27,4.668
2019,Namibia,0.879,0.477,0.401,0.07,0.056,4.639
2019,Niger,0.138,0.366,0.318,0.188,0.102,4.628
2019,Burkina Faso,0.331,0.38,0.255,0.177,0.113,4.587
2019,Armenia,0.85,0.815,0.283,0.095,0.064,4.559
2019,Iran,1.1,0.785,0.305,0.27,0.125,4.548
2019,Guinea,0.38,0.375,0.332,0.207,0.086,4.534
2019,Georgia,0.886,0.752,0.346,0.043,0.164,4.519
2019,Gambia,0.308,0.428,0.382,0.269,0.167,4.516
2019,Kenya,0.512,0.581,0.431,0.372,0.053,4.509
2019,Mauritania,0.57,0.489,0.066,0.106,0.088,4.49
2019,Mozambique,0.204,0.39,0.494,0.197,0.138,4.466
2019,Tunisia,0.921,0.815,0.167,0.059,0.055,4.461
2019,Bangladesh,0.562,0.723,0.527,0.166,0.143,4.456
2019,Iraq,1.043,0.574,0.241,0.148,0.089,4.437
2019,Congo (Kinshasa),0.094,0.357,0.269,0.212,0.053,4.418
2019,Mali,0.385,0.308,0.327,0.153,0.052,4.39
2019,Sierra Leone,0.268,0.242,0.309,0.252,0.045,4.374
2019,Sri Lanka,0.949,0.831,0.47,0.244,0.047,4.366
2019,Myanmar,0.71,0.555,0.525,0.566,0.172,4.36
2019,Chad,0.35,0.192,0.174,0.198,0.078,4.35
2019,Ukraine,0.82,0.739,0.178,0.187,0.01,4.332
2019,Ethiopia,0.336,0.532,0.344,0.209,0.1,4.286
2019,Swaziland,0.811,0.0,0.313,0.074,0.135,4.212
2019,Uganda,0.332,0.443,0.356,0.252,0.06,4.189
2019,Egypt,0.913,0.644,0.241,0.076,0.067,4.166
2019,Zambia,0.578,0.426,0.431,0.247,0.087,4.107
2019,Togo,0.275,0.41,0.293,0.177,0.085,4.085
2019,India,0.755,0.588,0.498,0.2,0.085,4.015
2019,Liberia,0.073,0.443,0.37,0.233,0.033,3.975
2019,Comoros,0.274,0.505,0.142,0.275,0.078,3.973
2019,Madagascar,0.274,0.555,0.148,0.169,0.041,3.933
2019,Lesotho,0.489,0.168,0.359,0.107,0.093,3.802
2019,Burundi,0.046,0.38,0.22,0.176,0.18,3.775
2019,Zimbabwe,0.366,0.433,0.361,0.151,0.089,3.663
2019,Haiti,0.323,0.449,0.026,0.419,0.11,3.597
2019,Botswana,1.041,0.538,0.455,0.025,0.1,3.488
2019,Syria,0.619,0.44,0.013,0.331,0.141,3.462
2019,Malawi,0.191,0.495,0.443,0.218,0.089,3.41
2019,Yemen,0.287,0.463,0.143,0.108,0.077,3.38
2019,Rwanda,0.359,0.614,0.555,0.217,0.411,3.334
2019,Tanzania,0.476,0.499,0.417,0.276,0.147,3.231
2019,Afghanistan,0.35,0.361,0.0,0.158,0.025,3.203
2019,Central African Republic,0.026,0.105,0.225,0.235,0.035,3.083
2019,South Sudan,0.306,0.295,0.01,0.202,0.091,2.853
